epoch,time,train/box_loss,train/cls_loss,train/dfl_loss,metrics/precision(B),metrics/recall(B),metrics/mAP50(B),metrics/mAP50-95(B),val/box_loss,val/cls_loss,val/dfl_loss,lr/pg0,lr/pg1,lr/pg2
1,5.65534,1.43151,3.17954,1.84004,0.00751,0.85185,0.47887,0.27867,1.42493,3.09674,2.28584,0.00020006,0.00020006,0.00020006
2,10.9508,1.04884,2.72001,1.5004,0.02042,1,0.56718,0.35174,1.00307,2.92793,1.61294,0.000412769,0.000412769,0.000412769
3,16.2975,0.99748,2.09575,1.45175,0.01148,1,0.78174,0.53465,1.13623,2.69323,1.80035,0.00062378,0.00062378,0.00062378
4,21.7674,1.0164,1.70824,1.47652,0.85256,0.57596,0.91,0.58223,1.2629,2.36425,2.21213,0.000833094,0.000833094,0.000833094
5,27.3277,0.91564,1.39246,1.37609,0.58037,0.53704,0.61294,0.42176,1.00674,2.06301,1.86233,0.00104071,0.00104071,0.00104071
6,32.5314,0.97253,1.36227,1.40113,0.76967,0.3326,0.31269,0.14944,2.151,2.84198,2.60399,0.00124663,0.00124663,0.00124663
7,37.6023,0.93557,1.32359,1.37916,0.97344,0.14815,0.21322,0.11213,2.32278,2.54154,2.73418,0.00139505,0.00139505,0.00139505
8,42.5061,0.89961,1.17404,1.32516,0.69668,0.55556,0.6592,0.3981,1.37805,2.03288,2.30523,0.00138939,0.00138939,0.00138939
9,47.3361,0.88704,1.11673,1.32285,0.85327,0.7963,0.87314,0.58741,1.0234,1.81784,1.7902,0.00138373,0.00138373,0.00138373
10,52.2777,0.86197,1.12632,1.32299,0.76753,0.66667,0.80622,0.46198,1.48475,1.72035,2.3585,0.00137807,0.00137807,0.00137807
11,57.1448,0.84841,1.05685,1.30875,0.71992,0.84262,0.92417,0.69244,0.9132,1.2221,1.51064,0.00137241,0.00137241,0.00137241
12,62.0476,0.82371,0.99101,1.27827,0.7131,0.68006,0.73191,0.55505,1.05423,1.86707,1.87663,0.00136675,0.00136675,0.00136675
13,67.148,0.84725,1.06339,1.30469,0.7936,0.91643,0.96702,0.79577,0.82197,1.02184,1.3819,0.00136109,0.00136109,0.00136109
14,72.0712,0.8353,1.00824,1.28104,0.79063,0.86884,0.96778,0.73118,0.93661,1.33734,1.60614,0.00135544,0.00135544,0.00135544
15,77.0175,0.8067,0.99966,1.28216,0.83341,0.90624,0.88945,0.66472,0.95618,1.39128,1.73057,0.00134978,0.00134978,0.00134978
16,82.0647,0.77636,0.89852,1.25195,0.84006,0.84089,0.91417,0.68955,0.86037,1.38718,1.45898,0.00134412,0.00134412,0.00134412
17,86.9938,0.79567,0.90469,1.25728,0.94766,0.94437,0.99133,0.80667,0.791,0.89752,1.37606,0.00133846,0.00133846,0.00133846
18,91.9242,0.76226,0.8693,1.23282,0.93613,0.96716,0.995,0.77314,0.89214,0.8915,1.51182,0.0013328,0.0013328,0.0013328
19,96.8139,0.80587,0.87214,1.24113,0.84753,0.69671,0.8563,0.61025,0.97197,1.08781,1.58712,0.00132714,0.00132714,0.00132714
20,101.86,0.78301,0.85561,1.22766,0.77297,0.60116,0.70326,0.49494,0.75943,2.10256,1.34228,0.00132148,0.00132148,0.00132148
21,106.731,0.74037,0.80673,1.20507,0.75151,0.66667,0.66673,0.50231,0.8612,2.05726,1.41951,0.00131582,0.00131582,0.00131582
22,111.845,0.75032,0.82167,1.21529,0.96686,0.98762,0.995,0.82225,0.77433,0.63287,1.37509,0.00131016,0.00131016,0.00131016
23,116.819,0.75995,0.77462,1.22299,0.73592,0.93347,0.92452,0.7785,0.74676,0.93471,1.30045,0.00130451,0.00130451,0.00130451
24,121.751,0.74352,0.79374,1.21456,0.9691,1,0.995,0.83017,0.77333,0.63675,1.29751,0.00129885,0.00129885,0.00129885
25,126.659,0.72639,0.77522,1.18828,0.9825,1,0.995,0.82888,0.82336,0.64253,1.36974,0.00129319,0.00129319,0.00129319
26,131.736,0.70861,0.73801,1.18092,0.89935,0.94444,0.98738,0.78968,0.90397,0.78711,1.44638,0.00128753,0.00128753,0.00128753
27,136.678,0.71886,0.73925,1.19706,0.85081,0.98058,0.995,0.8591,0.61816,0.65604,1.14792,0.00128187,0.00128187,0.00128187
28,141.644,0.7082,0.69483,1.18774,0.87713,0.9944,0.97708,0.81453,0.76218,0.6009,1.32384,0.00127621,0.00127621,0.00127621
29,146.55,0.69138,0.65269,1.15341,0.84428,0.87824,0.92492,0.75558,0.71815,0.85559,1.21766,0.00127055,0.00127055,0.00127055
30,151.465,0.69513,0.67637,1.17693,0.92978,0.86508,0.98738,0.82809,0.74866,0.68323,1.33444,0.00126489,0.00126489,0.00126489
31,156.488,0.69639,0.65915,1.17642,0.88752,0.942,0.97076,0.82759,0.67641,0.73428,1.1643,0.00125923,0.00125923,0.00125923
32,161.374,0.68155,0.66269,1.1621,0.9156,0.98985,0.995,0.84593,0.62834,0.54313,1.19241,0.00125358,0.00125358,0.00125358
33,166.314,0.65878,0.66106,1.1474,0.96585,0.98744,0.995,0.86815,0.66111,0.55445,1.25854,0.00124792,0.00124792,0.00124792
34,171.204,0.65676,0.62873,1.14723,0.90812,0.93838,0.995,0.87019,0.68699,0.65083,1.19988,0.00124226,0.00124226,0.00124226
35,176.114,0.67428,0.63279,1.14786,0.9714,0.98718,0.995,0.83993,0.62412,0.5193,1.14872,0.0012366,0.0012366,0.0012366
36,181.032,0.66378,0.62542,1.15588,0.85832,0.86178,0.93706,0.81556,0.65347,0.84364,1.18439,0.00123094,0.00123094,0.00123094
37,185.905,0.63782,0.58957,1.12718,0.95683,0.91394,0.98167,0.84227,0.72096,0.57377,1.24753,0.00122528,0.00122528,0.00122528
38,190.825,0.6423,0.61112,1.12446,0.79411,0.93656,0.87986,0.73063,0.74259,0.73783,1.26798,0.00121962,0.00121962,0.00121962
39,195.79,0.64146,0.64179,1.13913,0.83231,0.88889,0.9125,0.77263,0.68332,0.7532,1.18003,0.00121396,0.00121396,0.00121396
40,200.708,0.66328,0.63132,1.14157,0.84638,0.85598,0.92667,0.71963,0.75793,0.87778,1.25576,0.00120831,0.00120831,0.00120831
41,205.596,0.63753,0.60856,1.14207,0.71086,0.92467,0.92871,0.77252,0.71668,0.95055,1.25491,0.00120265,0.00120265,0.00120265
42,210.485,0.63344,0.57026,1.12129,0.83412,0.85125,0.93353,0.72292,0.71652,0.9413,1.29958,0.00119699,0.00119699,0.00119699
43,215.382,0.65591,0.59757,1.13983,0.84399,0.80838,0.94308,0.77673,0.69515,0.91128,1.26161,0.00119133,0.00119133,0.00119133
44,220.275,0.67267,0.60586,1.16306,0.71286,0.80571,0.8259,0.67237,0.77427,1.37893,1.33274,0.00118567,0.00118567,0.00118567
45,225.15,0.65508,0.60335,1.13729,0.79129,0.83333,0.77167,0.64293,0.65238,1.13905,1.26049,0.00118001,0.00118001,0.00118001
46,230.054,0.65707,0.59776,1.14324,0.89013,0.88439,0.96422,0.7603,0.74658,0.70566,1.30499,0.00117435,0.00117435,0.00117435
47,234.935,0.64543,0.58473,1.1347,0.98591,1,0.995,0.81565,0.7576,0.51079,1.37466,0.00116869,0.00116869,0.00116869
48,239.905,0.65432,0.55559,1.14023,0.97788,1,0.995,0.75764,0.89595,0.54761,1.56236,0.00116303,0.00116303,0.00116303
49,244.774,0.62346,0.55058,1.13474,0.95046,0.99498,0.995,0.87545,0.66236,0.50373,1.22137,0.00115738,0.00115738,0.00115738
50,249.617,0.61832,0.54601,1.12134,0.97167,1,0.995,0.85618,0.66134,0.47294,1.2425,0.00115172,0.00115172,0.00115172
51,254.559,0.60486,0.53704,1.11187,0.84802,0.89241,0.91208,0.73308,0.71653,0.72699,1.21409,0.00114606,0.00114606,0.00114606
52,259.484,0.59836,0.52388,1.10759,0.97328,0.97009,0.995,0.86071,0.63851,0.43462,1.12701,0.0011404,0.0011404,0.0011404
53,264.399,0.61216,0.53291,1.11347,0.84966,0.99354,0.995,0.88042,0.6,0.46025,1.10528,0.00113474,0.00113474,0.00113474
54,269.363,0.60136,0.51485,1.10585,0.97474,0.91632,0.995,0.85663,0.67388,0.48507,1.18032,0.00112908,0.00112908,0.00112908
55,274.394,0.61356,0.51354,1.10577,0.93945,0.96704,0.995,0.80402,0.64555,0.48983,1.18579,0.00112342,0.00112342,0.00112342
56,279.443,0.61874,0.52417,1.11672,0.90563,0.95657,0.995,0.89146,0.5961,0.5207,1.11036,0.00111776,0.00111776,0.00111776
57,284.46,0.60801,0.51603,1.10853,0.81327,0.94444,0.97222,0.83706,0.61552,0.60791,1.11713,0.0011121,0.0011121,0.0011121
58,289.417,0.59192,0.5112,1.09409,0.83212,0.92706,0.93672,0.76911,0.67964,0.66734,1.22299,0.00110645,0.00110645,0.00110645
59,294.479,0.58386,0.52034,1.09244,0.89316,0.94254,0.98738,0.84598,0.6971,0.54666,1.33012,0.00110079,0.00110079,0.00110079
60,299.439,0.60547,0.5001,1.11797,0.90711,0.95201,0.995,0.84737,0.68136,0.50801,1.24503,0.00109513,0.00109513,0.00109513
61,304.46,0.60019,0.48907,1.09632,0.95825,0.96765,0.995,0.82378,0.71242,0.43358,1.23908,0.00108947,0.00108947,0.00108947
62,309.635,0.60024,0.50901,1.10616,0.83956,0.94168,0.98167,0.84348,0.64552,0.55525,1.14669,0.00108381,0.00108381,0.00108381
63,314.703,0.6094,0.50687,1.10661,0.87682,0.94346,0.995,0.87457,0.62445,0.50195,1.10171,0.00107815,0.00107815,0.00107815
64,319.667,0.59347,0.48668,1.08544,0.88095,0.89117,0.98738,0.86852,0.57053,0.66674,1.07835,0.00107249,0.00107249,0.00107249
65,324.594,0.60446,0.51066,1.10084,0.85537,0.9007,0.951,0.8513,0.6061,0.61876,1.1013,0.00106683,0.00106683,0.00106683
66,329.503,0.5998,0.48316,1.10515,0.95831,0.96868,0.995,0.86348,0.60917,0.38773,1.15955,0.00106118,0.00106118,0.00106118
67,334.446,0.58231,0.47256,1.09311,0.98658,0.99864,0.995,0.86958,0.61334,0.36187,1.19561,0.00105552,0.00105552,0.00105552
68,339.504,0.59064,0.48147,1.08058,0.98068,1,0.995,0.85902,0.59321,0.3993,1.16506,0.00104986,0.00104986,0.00104986
69,344.423,0.60378,0.49659,1.11456,0.96781,1,0.995,0.86089,0.5911,0.42975,1.1625,0.0010442,0.0010442,0.0010442
70,349.345,0.56421,0.46758,1.08865,0.97625,0.99012,0.995,0.78617,0.78277,0.58467,1.3412,0.00103854,0.00103854,0.00103854
71,354.243,0.57509,0.46471,1.09528,0.96271,0.94444,0.98738,0.78927,0.66537,0.55979,1.23707,0.00103288,0.00103288,0.00103288
72,359.22,0.57443,0.46437,1.09484,0.96735,0.97713,0.995,0.84194,0.66357,0.39299,1.3056,0.00102722,0.00102722,0.00102722
73,364.138,0.56705,0.47411,1.08363,0.97593,1,0.995,0.87555,0.61291,0.35817,1.16062,0.00102156,0.00102156,0.00102156
74,369.112,0.5697,0.44635,1.086,0.98999,1,0.995,0.86939,0.60143,0.37138,1.1886,0.0010159,0.0010159,0.0010159
75,374.088,0.57626,0.46114,1.08846,0.86068,0.89384,0.9675,0.80403,0.62965,0.5888,1.12308,0.00101025,0.00101025,0.00101025
76,379.165,0.5812,0.47259,1.08497,0.85134,0.89256,0.951,0.82187,0.59626,0.7502,1.08761,0.00100459,0.00100459,0.00100459
77,384.275,0.58613,0.45876,1.09566,0.8091,0.97267,0.9675,0.8676,0.56923,0.59553,1.08346,0.000998928,0.000998928,0.000998928
78,389.252,0.53584,0.4365,1.06594,0.92471,0.97965,0.995,0.87666,0.58069,0.41455,1.10676,0.000993269,0.000993269,0.000993269
79,394.209,0.54237,0.44661,1.06251,0.94738,0.89729,0.995,0.85473,0.64659,0.50091,1.23931,0.00098761,0.00098761,0.00098761
80,399.159,0.54991,0.43392,1.08427,0.95981,0.95328,0.995,0.88533,0.61369,0.42749,1.13851,0.000981952,0.000981952,0.000981952
81,404.046,0.55012,0.43016,1.06594,0.89423,0.94444,0.98738,0.86006,0.58657,0.53876,1.13044,0.000976293,0.000976293,0.000976293
82,409.011,0.55563,0.43476,1.06787,0.95837,0.87527,0.995,0.87325,0.64042,0.58664,1.18752,0.000970634,0.000970634,0.000970634
83,413.933,0.54127,0.42126,1.05617,0.98016,0.99975,0.995,0.8547,0.59563,0.3828,1.15855,0.000964975,0.000964975,0.000964975
84,418.955,0.55592,0.43381,1.07103,0.98944,0.95178,0.995,0.83977,0.65673,0.44751,1.26469,0.000959316,0.000959316,0.000959316
85,423.969,0.55427,0.4448,1.07626,0.96143,0.95472,0.995,0.87499,0.63131,0.4214,1.16773,0.000953657,0.000953657,0.000953657
86,428.895,0.55384,0.43532,1.07274,0.9712,1,0.995,0.89865,0.62134,0.34977,1.21946,0.000947999,0.000947999,0.000947999
87,433.968,0.54088,0.4275,1.06509,0.86115,0.89641,0.98738,0.8654,0.63862,0.63119,1.24774,0.00094234,0.00094234,0.00094234
88,438.917,0.56502,0.44377,1.08535,0.86051,0.89731,0.995,0.87192,0.59496,0.59801,1.11602,0.000936681,0.000936681,0.000936681
89,443.821,0.54391,0.43694,1.06637,0.85821,0.89242,0.995,0.89566,0.55267,0.60148,1.04178,0.000931022,0.000931022,0.000931022
90,448.739,0.568,0.44693,1.08371,0.96567,0.84038,0.995,0.87866,0.59192,0.45931,1.11542,0.000925363,0.000925363,0.000925363
91,453.704,0.54001,0.41302,1.04511,0.8849,0.93553,0.995,0.86959,0.54685,0.50776,1.10483,0.000919704,0.000919704,0.000919704
92,458.686,0.53146,0.42313,1.06715,0.91272,0.94767,0.995,0.89689,0.51511,0.45849,1.02308,0.000914046,0.000914046,0.000914046
93,463.727,0.56961,0.43844,1.09217,0.97029,0.91698,0.995,0.90474,0.52378,0.39679,1.03386,0.000908387,0.000908387,0.000908387
94,468.691,0.53139,0.43206,1.05521,0.97689,0.99219,0.995,0.93632,0.48053,0.34136,1.02509,0.000902728,0.000902728,0.000902728
95,473.639,0.51333,0.39594,1.05295,0.98401,1,0.995,0.88401,0.58322,0.36423,1.11466,0.000897069,0.000897069,0.000897069
96,478.579,0.52484,0.40349,1.0538,0.98102,1,0.995,0.88036,0.60603,0.36413,1.17108,0.00089141,0.00089141,0.00089141
97,483.591,0.54226,0.41485,1.07079,0.95759,0.94423,0.995,0.88033,0.60502,0.37392,1.13763,0.000885751,0.000885751,0.000885751
98,488.599,0.53617,0.41819,1.05142,0.96565,0.97436,0.995,0.86108,0.59997,0.32864,1.17427,0.000880093,0.000880093,0.000880093
99,493.528,0.5278,0.41619,1.0531,0.98718,1,0.995,0.87859,0.61478,0.3417,1.17589,0.000874434,0.000874434,0.000874434
100,498.478,0.52438,0.40725,1.04359,0.94157,0.89227,0.995,0.8852,0.52504,0.45443,1.04497,0.000868775,0.000868775,0.000868775
101,503.428,0.52246,0.39484,1.0548,0.91242,0.90242,0.995,0.89301,0.59234,0.52547,1.10604,0.000863116,0.000863116,0.000863116
102,508.401,0.52345,0.40402,1.0538,0.80422,0.97454,0.995,0.84711,0.63627,0.60872,1.15023,0.000857457,0.000857457,0.000857457
103,513.29,0.51727,0.39671,1.05643,0.94196,0.89395,0.995,0.86734,0.58767,0.52675,1.13716,0.000851798,0.000851798,0.000851798
104,518.219,0.51927,0.39818,1.05416,0.96647,0.87802,0.995,0.87216,0.57048,0.43807,1.11763,0.000846139,0.000846139,0.000846139
105,523.157,0.51727,0.40595,1.054,0.84769,0.94865,0.9675,0.8448,0.56289,0.52616,1.12513,0.000840481,0.000840481,0.000840481
106,528.093,0.49556,0.38536,1.03289,0.85155,0.91691,0.995,0.88891,0.59375,0.58793,1.11453,0.000834822,0.000834822,0.000834822
107,533.136,0.54177,0.41721,1.05217,0.80708,0.97276,0.94,0.85101,0.55658,0.60252,1.04602,0.000829163,0.000829163,0.000829163
108,538.093,0.53308,0.41553,1.05603,0.8884,0.96932,0.9675,0.89233,0.53846,0.51248,1.056,0.000823504,0.000823504,0.000823504
109,543.027,0.51227,0.38376,1.04922,0.98973,0.96757,0.995,0.91673,0.5309,0.33413,1.07632,0.000817845,0.000817845,0.000817845
110,547.989,0.52422,0.41037,1.0552,0.98085,0.96296,0.97333,0.87536,0.54102,0.41978,1.06661,0.000812186,0.000812186,0.000812186
111,553.063,0.51707,0.40298,1.03924,0.85962,0.85662,0.85567,0.71498,0.65589,0.73004,1.17199,0.000806528,0.000806528,0.000806528
112,558.048,0.50877,0.4003,1.04298,0.85132,0.91275,0.8733,0.76943,0.55621,0.66887,1.05512,0.000800869,0.000800869,0.000800869
113,562.918,0.50702,0.38548,1.03025,0.85887,0.8974,0.98738,0.90312,0.52369,0.59729,1.03197,0.00079521,0.00079521,0.00079521
114,567.898,0.49505,0.38398,1.03003,0.92361,0.9422,0.995,0.87304,0.59659,0.44735,1.10338,0.000789551,0.000789551,0.000789551
115,572.778,0.49712,0.37852,1.043,0.97092,1,0.995,0.88683,0.55163,0.35946,1.07455,0.000783892,0.000783892,0.000783892
116,577.806,0.51696,0.38996,1.04436,0.96475,0.94885,0.995,0.87512,0.53225,0.35343,1.04578,0.000778233,0.000778233,0.000778233
117,582.637,0.48996,0.36149,1.03151,0.97741,0.91549,0.99133,0.86503,0.57554,0.37091,1.12385,0.000772575,0.000772575,0.000772575
118,587.541,0.49743,0.36912,1.02823,0.94832,0.93178,0.995,0.88048,0.62923,0.4771,1.10713,0.000766916,0.000766916,0.000766916
119,592.402,0.48815,0.37481,1.02376,0.88929,0.92213,0.98738,0.87609,0.56787,0.50524,1.11817,0.000761257,0.000761257,0.000761257
120,597.286,0.51279,0.37872,1.04474,0.92152,0.94583,0.995,0.86082,0.61223,0.4891,1.32274,0.000755598,0.000755598,0.000755598
121,602.188,0.51351,0.38689,1.03671,0.98302,1,0.995,0.87169,0.58913,0.32031,1.29037,0.000749939,0.000749939,0.000749939
122,607.028,0.48398,0.36343,1.03543,0.98747,0.97157,0.995,0.87193,0.53552,0.28877,1.15513,0.00074428,0.00074428,0.00074428
123,611.91,0.4971,0.37947,1.02517,0.88795,0.9926,0.995,0.92155,0.50464,0.33883,1.07935,0.000738622,0.000738622,0.000738622
124,616.843,0.48095,0.36325,1.0258,0.80315,0.92024,0.91871,0.8215,0.49834,0.71886,1.05815,0.000732963,0.000732963,0.000732963
125,621.762,0.49161,0.37863,1.03721,0.85985,0.90031,0.94326,0.86569,0.5493,0.64133,1.11314,0.000727304,0.000727304,0.000727304
126,626.607,0.49476,0.36747,1.03217,0.8854,0.92222,0.995,0.85381,0.59214,0.50286,1.18155,0.000721645,0.000721645,0.000721645
127,631.451,0.49414,0.37439,1.02602,0.85179,0.92022,0.86479,0.77262,0.52459,0.58857,1.06335,0.000715986,0.000715986,0.000715986
128,636.364,0.49553,0.38514,1.03895,0.85866,0.90361,0.93299,0.85166,0.54081,0.64112,1.06477,0.000710327,0.000710327,0.000710327
129,641.232,0.4832,0.37621,1.021,0.88942,0.94059,0.995,0.90129,0.54012,0.39567,1.06688,0.000704668,0.000704668,0.000704668
130,646.133,0.48118,0.37267,1.03062,0.8872,0.99175,0.995,0.90945,0.50989,0.33401,1.04022,0.00069901,0.00069901,0.00069901
131,651.002,0.4661,0.35817,1.01843,0.98524,1,0.995,0.88282,0.58706,0.29769,1.19401,0.000693351,0.000693351,0.000693351
132,655.916,0.48279,0.3611,1.02652,0.97392,0.99321,0.995,0.86027,0.68154,0.33935,1.34642,0.000687692,0.000687692,0.000687692
133,660.783,0.48099,0.35612,1.03226,0.9852,1,0.995,0.8651,0.63091,0.32594,1.30243,0.000682033,0.000682033,0.000682033
134,665.717,0.48503,0.36165,1.02872,0.97738,1,0.995,0.8843,0.53363,0.28603,1.08351,0.000676374,0.000676374,0.000676374
135,670.739,0.50144,0.37094,1.02912,0.96439,0.91472,0.995,0.93726,0.48465,0.35283,1.00639,0.000670715,0.000670715,0.000670715
136,675.611,0.45995,0.3546,1.01925,0.89906,0.89193,0.995,0.92711,0.49128,0.48406,1.00528,0.000665057,0.000665057,0.000665057
137,680.424,0.48491,0.36617,1.02035,0.93705,0.89189,0.995,0.90686,0.51245,0.48978,1.02512,0.000659398,0.000659398,0.000659398
138,685.342,0.48899,0.35184,1.02153,0.95103,0.86579,0.995,0.91739,0.48114,0.41347,1.00105,0.000653739,0.000653739,0.000653739
139,690.186,0.47995,0.35895,1.02964,0.86584,0.99068,0.995,0.92826,0.46968,0.36797,1.01637,0.00064808,0.00064808,0.00064808
140,695.093,0.48789,0.3612,1.01977,0.9414,0.99608,0.995,0.91414,0.52621,0.31082,1.05678,0.000642421,0.000642421,0.000642421
141,699.943,0.4899,0.34987,1.03475,0.97617,0.91777,0.995,0.90504,0.47251,0.36344,0.996,0.000636762,0.000636762,0.000636762
142,704.848,0.45819,0.33871,1.00051,0.94038,0.97919,0.995,0.87431,0.48567,0.32384,1.01762,0.000631104,0.000631104,0.000631104
143,709.808,0.45628,0.3343,0.99509,0.89838,0.94421,0.995,0.88763,0.5254,0.42764,1.11246,0.000625445,0.000625445,0.000625445
144,714.777,0.46938,0.33762,1.01773,0.95581,0.907,0.995,0.92588,0.52649,0.43101,1.10698,0.000619786,0.000619786,0.000619786
145,719.688,0.46707,0.33243,1.023,0.9766,0.9504,0.995,0.89288,0.58554,0.32472,1.19477,0.000614127,0.000614127,0.000614127
146,724.638,0.46843,0.34896,1.0176,0.88934,0.92678,0.995,0.88871,0.59821,0.49947,1.20975,0.000608468,0.000608468,0.000608468
147,729.564,0.47802,0.35438,1.01316,0.86129,0.8956,0.91208,0.83044,0.57612,0.57215,1.14437,0.000602809,0.000602809,0.000602809
148,734.462,0.44725,0.32886,1.0008,0.85758,0.90803,0.98738,0.91513,0.50546,0.49668,1.08995,0.000597151,0.000597151,0.000597151
149,739.334,0.47041,0.35189,1.01568,0.97047,0.86889,0.995,0.92347,0.51853,0.4505,1.08805,0.000591492,0.000591492,0.000591492
150,744.227,0.45575,0.3406,1.01078,0.97091,0.92998,0.995,0.9017,0.5123,0.38951,1.08542,0.000585833,0.000585833,0.000585833
151,749.094,0.47867,0.35315,1.02358,0.94492,0.99267,0.995,0.93823,0.47742,0.3037,1.05681,0.000580174,0.000580174,0.000580174
152,754.09,0.46157,0.35382,1.01635,0.91458,0.97548,0.995,0.92001,0.4756,0.29231,1.05321,0.000574515,0.000574515,0.000574515
153,758.946,0.46856,0.35483,1.01541,0.88486,0.97091,0.995,0.9328,0.50019,0.36617,1.05008,0.000568856,0.000568856,0.000568856
154,763.896,0.45885,0.34673,1.01812,0.90489,0.95586,0.995,0.91438,0.51814,0.38332,1.04542,0.000563197,0.000563197,0.000563197
155,768.746,0.44919,0.33244,0.99945,0.95147,0.91042,0.97417,0.9046,0.52886,0.35473,1.08323,0.000557539,0.000557539,0.000557539
156,773.606,0.45522,0.33698,1.00316,0.95511,0.89903,0.97273,0.90046,0.61132,0.34551,1.19178,0.00055188,0.00055188,0.00055188
157,778.44,0.45758,0.33756,1.01066,0.92999,0.85463,0.98833,0.91332,0.54469,0.45808,1.12347,0.000546221,0.000546221,0.000546221
158,783.323,0.46975,0.34536,1.00991,0.85741,0.88889,0.89925,0.82052,0.58742,0.618,1.1394,0.000540562,0.000540562,0.000540562
159,788.248,0.44076,0.33037,0.99612,0.8586,0.90062,0.91802,0.80864,0.56472,0.63649,1.13414,0.000534903,0.000534903,0.000534903
160,793.281,0.44108,0.32146,0.99605,0.93694,0.85927,0.96452,0.86807,0.51565,0.52784,1.06952,0.000529244,0.000529244,0.000529244
161,798.102,0.45045,0.32507,1.00002,0.88442,0.86772,0.95136,0.85791,0.51014,0.62724,1.04369,0.000523586,0.000523586,0.000523586
162,802.978,0.44845,0.32046,1.00487,0.91565,0.85914,0.93651,0.8695,0.50921,0.59043,1.03278,0.000517927,0.000517927,0.000517927
163,807.995,0.43843,0.31394,0.99998,0.9056,0.86912,0.98167,0.90393,0.5084,0.50974,1.01043,0.000512268,0.000512268,0.000512268
164,812.896,0.43138,0.31283,0.98914,0.91657,0.86631,0.995,0.92306,0.47937,0.47568,0.99471,0.000506609,0.000506609,0.000506609
165,817.77,0.43885,0.32395,1.00227,0.85242,0.97378,0.995,0.93025,0.46648,0.3818,0.97707,0.00050095,0.00050095,0.00050095
166,822.615,0.43403,0.31003,0.99565,0.83999,0.9879,0.995,0.94302,0.4357,0.41028,0.98378,0.000495291,0.000495291,0.000495291
167,827.507,0.42526,0.30426,0.98371,0.90314,0.9967,0.995,0.9279,0.48774,0.29424,1.05828,0.000489633,0.000489633,0.000489633
168,832.361,0.44071,0.32314,1.00929,0.96517,0.93472,0.995,0.89003,0.56896,0.34768,1.14985,0.000483974,0.000483974,0.000483974
169,837.221,0.45297,0.32253,1.00795,0.90653,0.99684,0.995,0.91207,0.50086,0.3075,1.0487,0.000478315,0.000478315,0.000478315
170,842.069,0.43327,0.31423,1.00182,0.9829,0.96538,0.995,0.91222,0.47696,0.28713,1.04764,0.000472656,0.000472656,0.000472656
171,847.007,0.43731,0.31588,0.99647,0.96779,0.99272,0.995,0.89814,0.48317,0.25343,1.07763,0.000466997,0.000466997,0.000466997
172,851.855,0.41748,0.30691,0.98563,0.96125,1,0.995,0.92364,0.46402,0.26357,1.05299,0.000461338,0.000461338,0.000461338
173,856.728,0.41955,0.30672,0.98003,0.87502,0.99562,0.995,0.90556,0.50244,0.32327,1.04748,0.00045568,0.00045568,0.00045568
174,861.618,0.43149,0.31267,0.98682,0.89493,0.91939,0.995,0.93293,0.46158,0.38036,1.03315,0.000450021,0.000450021,0.000450021
175,866.502,0.42825,0.31791,1.00611,0.86113,0.89827,0.98738,0.90765,0.48061,0.54679,1.04182,0.000444362,0.000444362,0.000444362
176,871.392,0.41627,0.30301,0.98416,0.87671,0.87574,0.995,0.91468,0.50525,0.56931,1.07228,0.000438703,0.000438703,0.000438703
177,876.244,0.41597,0.30092,0.98407,0.9185,0.87017,0.995,0.93614,0.48749,0.4641,1.04928,0.000433044,0.000433044,0.000433044
178,881.116,0.43408,0.3139,0.99552,0.96883,0.87174,0.995,0.92417,0.50804,0.33506,1.08348,0.000427385,0.000427385,0.000427385
179,886.018,0.42766,0.30872,0.98813,0.95678,0.91475,0.995,0.89569,0.54141,0.33558,1.13351,0.000421726,0.000421726,0.000421726
180,890.952,0.43097,0.30418,0.99126,0.96197,0.9067,0.995,0.91441,0.52011,0.33925,1.12683,0.000416068,0.000416068,0.000416068
181,895.924,0.42631,0.30084,0.98874,0.91035,0.94495,0.995,0.91423,0.49346,0.31192,1.07332,0.000410409,0.000410409,0.000410409
182,900.833,0.43675,0.3058,0.99725,0.88635,0.99282,0.995,0.90563,0.48413,0.31517,1.04761,0.00040475,0.00040475,0.00040475
183,905.725,0.43746,0.31146,0.98887,0.88192,1,0.995,0.91679,0.47836,0.29199,1.06816,0.000399091,0.000399091,0.000399091
184,910.67,0.41944,0.29821,0.99011,0.8677,0.99343,0.995,0.91891,0.46007,0.31175,1.05158,0.000393432,0.000393432,0.000393432
185,915.532,0.43136,0.30505,0.99358,0.88522,0.94597,0.995,0.92281,0.47634,0.36729,0.98467,0.000387773,0.000387773,0.000387773
186,920.455,0.43696,0.30565,0.99923,0.89404,0.89866,0.995,0.9235,0.46163,0.45422,0.99595,0.000382115,0.000382115,0.000382115
187,925.325,0.40808,0.29545,0.98183,0.85831,0.90062,0.9675,0.90946,0.45464,0.50431,0.98289,0.000376456,0.000376456,0.000376456
188,930.206,0.41005,0.29165,0.98825,0.80435,0.97818,0.9675,0.8964,0.4336,0.49486,0.96233,0.000370797,0.000370797,0.000370797
189,935.07,0.42091,0.29826,0.98584,0.80634,0.99138,0.995,0.94322,0.45996,0.46815,0.99275,0.000365138,0.000365138,0.000365138
190,939.985,0.41937,0.29858,0.98166,0.95627,0.86477,0.995,0.9341,0.47003,0.39955,0.99458,0.000359479,0.000359479,0.000359479
191,944.989,0.42223,0.30685,0.98727,0.97299,0.9284,0.995,0.92102,0.46697,0.31449,1.03152,0.00035382,0.00035382,0.00035382
192,949.883,0.4069,0.29089,0.98905,0.97474,0.99172,0.995,0.93243,0.48181,0.26102,1.05791,0.000348162,0.000348162,0.000348162
193,954.776,0.40859,0.29935,0.98742,0.96082,0.96166,0.995,0.91773,0.48504,0.3127,1.05988,0.000342503,0.000342503,0.000342503
194,959.681,0.39185,0.28621,0.97227,0.93764,0.95876,0.995,0.92215,0.5035,0.35496,1.08191,0.000336844,0.000336844,0.000336844
195,964.57,0.4311,0.29958,0.99522,0.93905,0.97905,0.995,0.90612,0.51373,0.33156,1.1132,0.000331185,0.000331185,0.000331185
196,969.465,0.41311,0.30129,0.98883,0.97337,0.99407,0.995,0.92372,0.48318,0.2966,1.05128,0.000325526,0.000325526,0.000325526
197,974.313,0.39466,0.27998,0.97905,0.97827,1,0.995,0.93556,0.51177,0.28103,1.09637,0.000319867,0.000319867,0.000319867
198,979.206,0.39701,0.28662,0.98112,0.98302,1,0.995,0.9275,0.50381,0.31135,1.07241,0.000314209,0.000314209,0.000314209
199,984.091,0.42209,0.29178,0.98637,0.96848,0.94915,0.995,0.89926,0.51775,0.3589,1.06129,0.00030855,0.00030855,0.00030855
200,988.979,0.40932,0.29495,0.98519,0.94525,0.93982,0.995,0.92261,0.50336,0.34645,1.05116,0.000302891,0.000302891,0.000302891
201,993.89,0.39558,0.29712,0.98604,0.93807,0.862,0.995,0.91914,0.49521,0.39482,1.04559,0.000297232,0.000297232,0.000297232
202,998.805,0.4028,0.2811,0.96884,0.80641,0.98303,0.995,0.9347,0.46637,0.47244,1.01073,0.000291573,0.000291573,0.000291573
203,1003.68,0.40965,0.28189,0.98263,0.83474,0.95024,0.94,0.88741,0.46875,0.51299,0.9852,0.000285914,0.000285914,0.000285914
204,1008.56,0.40184,0.28905,0.97475,0.83511,0.96195,0.94,0.85252,0.47669,0.48553,1.01804,0.000280255,0.000280255,0.000280255
205,1013.4,0.39058,0.28189,0.97539,0.83533,0.98326,0.995,0.92986,0.4707,0.44979,1.02813,0.000274597,0.000274597,0.000274597
206,1018.29,0.40496,0.27942,0.97068,0.96613,0.85688,0.995,0.92864,0.48446,0.38897,1.03312,0.000268938,0.000268938,0.000268938
207,1023.16,0.39201,0.27379,0.97669,0.81071,0.99155,0.995,0.91869,0.45972,0.39091,1.02192,0.000263279,0.000263279,0.000263279
208,1028.02,0.38215,0.28318,0.9744,0.94852,0.8784,0.995,0.90562,0.46066,0.38199,1.01363,0.00025762,0.00025762,0.00025762
209,1032.97,0.37598,0.26297,0.96663,0.96055,0.90081,0.995,0.93919,0.45475,0.33329,1.00716,0.000251961,0.000251961,0.000251961
210,1037.84,0.39923,0.27983,0.98087,0.92007,1,0.995,0.94706,0.46938,0.28836,1.04661,0.000246302,0.000246302,0.000246302
211,1042.76,0.38819,0.28266,0.9745,0.97346,1,0.995,0.92833,0.46724,0.27859,1.04912,0.000240644,0.000240644,0.000240644
212,1047.67,0.37229,0.26902,0.9506,0.9609,1,0.995,0.95216,0.4622,0.29558,1.05177,0.000234985,0.000234985,0.000234985
213,1052.49,0.3943,0.28872,0.96999,0.94871,0.95504,0.995,0.94816,0.46899,0.3027,1.06929,0.000229326,0.000229326,0.000229326
214,1057.34,0.40704,0.29405,0.98366,0.95756,0.9476,0.995,0.94208,0.49179,0.3202,1.08566,0.000223667,0.000223667,0.000223667
215,1062.19,0.40514,0.28038,0.97901,0.95518,0.95551,0.995,0.93244,0.48914,0.32634,1.05613,0.000218008,0.000218008,0.000218008
216,1067.14,0.37038,0.27902,0.95946,0.97051,0.99654,0.995,0.9338,0.48091,0.28346,1.03702,0.000212349,0.000212349,0.000212349
217,1072,0.36859,0.26797,0.94893,0.9743,1,0.995,0.93773,0.48019,0.2645,1.04801,0.000206691,0.000206691,0.000206691
218,1076.97,0.37888,0.27419,0.96571,0.97849,0.99546,0.995,0.93423,0.47617,0.26055,1.05452,0.000201032,0.000201032,0.000201032
219,1081.9,0.37684,0.26592,0.95489,0.98074,1,0.995,0.92993,0.45146,0.24303,1.01203,0.000195373,0.000195373,0.000195373
220,1086.8,0.38255,0.27406,0.96515,0.98275,0.9997,0.995,0.92457,0.43296,0.22297,1.01601,0.000189714,0.000189714,0.000189714
221,1091.67,0.37285,0.27015,0.96698,0.98097,0.99543,0.995,0.94298,0.42825,0.22095,1.01204,0.000184055,0.000184055,0.000184055
222,1096.62,0.37434,0.26753,0.96108,0.98513,0.9757,0.995,0.94997,0.4227,0.21662,1.00665,0.000178396,0.000178396,0.000178396
223,1101.53,0.39286,0.27107,0.9675,0.96367,0.97947,0.995,0.95426,0.41573,0.22571,0.98895,0.000172738,0.000172738,0.000172738
224,1106.44,0.37807,0.27294,0.96829,0.93066,0.98099,0.995,0.93915,0.43307,0.24839,1.00366,0.000167079,0.000167079,0.000167079
225,1111.28,0.37097,0.26936,0.95663,0.93112,0.98169,0.995,0.93631,0.44221,0.2504,1.01734,0.00016142,0.00016142,0.00016142
226,1116.2,0.37802,0.27602,0.96566,0.95896,0.9679,0.995,0.93258,0.41879,0.22443,1.00832,0.000155761,0.000155761,0.000155761
227,1121.16,0.37413,0.26459,0.96251,0.97553,0.9683,0.995,0.94452,0.4263,0.22341,1.02253,0.000150102,0.000150102,0.000150102
228,1126.03,0.38473,0.27265,0.96696,0.96448,0.96893,0.995,0.93338,0.43686,0.23679,1.03264,0.000144443,0.000144443,0.000144443
229,1130.85,0.36909,0.26422,0.96601,0.96508,0.96933,0.995,0.93054,0.42546,0.24458,1.02113,0.000138784,0.000138784,0.000138784
230,1135.73,0.37398,0.25665,0.9716,0.96528,0.9236,0.995,0.9368,0.43844,0.26624,1.01151,0.000133126,0.000133126,0.000133126
231,1140.58,0.36148,0.26018,0.95699,0.89992,0.98257,0.995,0.93615,0.43088,0.26402,1.00273,0.000127467,0.000127467,0.000127467
232,1145.48,0.36483,0.25022,0.95696,0.89429,0.98297,0.995,0.92656,0.41103,0.2693,0.98788,0.000121808,0.000121808,0.000121808
233,1150.38,0.3868,0.25868,0.97966,0.96241,0.91506,0.995,0.94283,0.40773,0.26696,0.98177,0.000116149,0.000116149,0.000116149
234,1155.27,0.36705,0.26547,0.96361,0.94683,0.96206,0.995,0.9436,0.42397,0.25471,0.99646,0.00011049,0.00011049,0.00011049
235,1160.25,0.38077,0.26777,0.97253,0.94026,0.96941,0.995,0.94345,0.42891,0.24889,0.99849,0.000104831,0.000104831,0.000104831
236,1165.13,0.37015,0.25375,0.96693,0.96611,0.97901,0.995,0.94372,0.42235,0.23043,1.00205,9.91726e-05,9.91726e-05,9.91726e-05
237,1169.97,0.37038,0.26368,0.96712,0.9777,0.97776,0.995,0.94404,0.41526,0.22795,1.0029,9.35138e-05,9.35138e-05,9.35138e-05
238,1174.89,0.36692,0.25224,0.96814,0.97491,0.99105,0.995,0.94816,0.41336,0.22504,1.0066,8.78549e-05,8.78549e-05,8.78549e-05
239,1179.77,0.35476,0.25471,0.96009,0.97414,0.99597,0.995,0.94872,0.41779,0.2309,1.01214,8.21961e-05,8.21961e-05,8.21961e-05
240,1184.66,0.37529,0.27006,0.97149,0.97256,0.99066,0.995,0.94867,0.4148,0.23107,1.01,7.65372e-05,7.65372e-05,7.65372e-05
241,1189.13,0.27108,0.2351,0.92168,0.97528,1,0.995,0.94668,0.41964,0.23508,1.01278,7.08784e-05,7.08784e-05,7.08784e-05
242,1193.58,0.25558,0.21261,0.91249,0.97387,1,0.995,0.94978,0.41421,0.22551,0.99672,6.52196e-05,6.52196e-05,6.52196e-05
243,1198.01,0.2501,0.20661,0.91827,0.97834,1,0.995,0.95112,0.42435,0.23224,0.99975,5.95607e-05,5.95607e-05,5.95607e-05
244,1202.55,0.23559,0.20038,0.89394,0.97977,1,0.995,0.94809,0.42547,0.23626,1.00726,5.39019e-05,5.39019e-05,5.39019e-05
245,1207.05,0.23756,0.19702,0.90794,0.97648,1,0.995,0.94418,0.42633,0.23705,1.00852,4.8243e-05,4.8243e-05,4.8243e-05
246,1211.46,0.23676,0.18861,0.89626,0.97251,1,0.995,0.94418,0.42338,0.24472,0.99804,4.25842e-05,4.25842e-05,4.25842e-05
247,1215.9,0.23483,0.19107,0.90746,0.9605,0.98215,0.995,0.94063,0.40998,0.24497,0.97612,3.69254e-05,3.69254e-05,3.69254e-05
248,1220.39,0.22114,0.18209,0.90163,0.96202,0.95757,0.995,0.94419,0.40731,0.24897,0.96509,3.12665e-05,3.12665e-05,3.12665e-05
249,1224.83,0.22227,0.18347,0.89399,0.96417,0.93849,0.995,0.93999,0.40816,0.25968,0.96151,2.56077e-05,2.56077e-05,2.56077e-05
250,1229.25,0.23844,0.19469,0.89666,0.96098,0.9332,0.995,0.94109,0.40564,0.25927,0.95832,1.99488e-05,1.99488e-05,1.99488e-05
